"Id";"piloteId";"driverRef";"number_id";"code";"forename";"surname";"dob";"nationality";"id_statues"
0;1;"hamilton";44;"HAM";"Lewis";"Hamilton";"07/01/1985";"British";0
1;2;"heidfeld";0;"HEI";"Nick";"Heidfeld";"10/05/1977";"German";0
2;3;"rosberg";6;"ROS";"Nico";"Rosberg";"27/06/1985";"German";0
3;4;"alonso";14;"ALO";"Fernando";"Alonso";"29/07/1981";"Spanish";0
4;5;"kovalainen";0;"KOV";"Heikki";"Kovalainen";"19/10/1981";"Finnish";0
5;6;"nakajima";0;"NAK";"Kazuki";"Nakajima";"11/01/1985";"Japanese";0
6;7;"bourdais";0;"BOU";"SÌ©bastien";"Bourdais";"28/02/1979";"French";0
7;8;"raikkonen";7;"RAI";"Kimi";"RÌ_ikkÌ¦nen";"17/10/1979";"Finnish";0
8;9;"kubica";0;"KUB";"Robert";"Kubica";"07/12/1984";"Polish";0
9;10;"glock";0;"GLO";"Timo";"Glock";"18/03/1982";"German";0
10;11;"sato";0;"SAT";"Takuma";"Sato";"28/01/1977";"Japanese";0
11;12;"piquet_jr";0;"PIQ";"Nelson";"Piquet Jr.";"25/07/1985";"Brazilian";0
12;13;"massa";19;"MAS";"Felipe";"Massa";"25/04/1981";"Brazilian";0
13;14;"coulthard";0;"COU";"David";"Coulthard";"27/03/1971";"British";0
14;15;"trulli";0;"TRU";"Jarno";"Trulli";"13/07/1974";"Italian";0
15;16;"sutil";99;"SUT";"Adrian";"Sutil";"11/01/1983";"German";0
16;17;"webber";0;"WEB";"Mark";"Webber";"27/08/1976";"Australian";0
17;18;"button";22;"BUT";"Jenson";"Button";"19/01/1980";"British";0
18;19;"davidson";0;"DAV";"Anthony";"Davidson";"18/04/1979";"British";0
19;20;"vettel";5;"VET";"Sebastian";"Vettel";"03/07/1987";"German";0
20;21;"fisichella";0;"FIS";"Giancarlo";"Fisichella";"14/01/1973";"Italian";0
21;22;"barrichello";0;"BAR";"Rubens";"Barrichello";"23/05/1972";"Brazilian";0
22;23;"ralf_schumacher";0;"SCH";"Ralf";"Schumacher";"30/06/1975";"German";0
23;24;"liuzzi";0;"LIU";"Vitantonio";"Liuzzi";"06/08/1980";"Italian";0
24;25;"wurz";0;"WUR";"Alexander";"Wurz";"15/02/1974";"Austrian";0
25;26;"speed";0;"SPE";"Scott";"Speed";"24/01/1983";"American";0
26;27;"albers";0;"ALB";"Christijan";"Albers";"16/04/1979";"Dutch";0
27;28;"markus_winkelhock";0;"WIN";"Markus";"Winkelhock";"13/06/1980";"German";0
28;29;"yamamoto";0;"YAM";"Sakon";"Yamamoto";"09/07/1982";"Japanese";0
29;30;"michael_schumacher";0;"MSC";"Michael";"Schumacher";"03/01/1969";"German";0
30;31;"montoya";0;"MON";"Juan";"Pablo Montoya";"20/09/1975";"Colombian";0
31;32;"klien";0;"KLI";"Christian";"Klien";"07/02/1983";"Austrian";0
32;33;"monteiro";0;"TMO";"Tiago";"Monteiro";"24/07/1976";"Portuguese";0
33;34;"ide";0;"IDE";"Yuji";"Ide";"21/01/1975";"Japanese";0
34;35;"villeneuve";0;"VIL";"Jacques";"Villeneuve";"09/04/1971";"Canadian";0
35;36;"montagny";0;"FMO";"Franck";"Montagny";"05/01/1978";"French";0
36;37;"rosa";0;"DLR";"Pedro";"de la Rosa";"24/02/1971";"Spanish";0
37;38;"doornbos";0;"DOO";"Robert";"Doornbos";"23/09/1981";"Dutch";0
38;39;"karthikeyan";0;"KAR";"Narain";"Karthikeyan";"14/01/1977";"Indian";0
39;40;"friesacher";0;"FRI";"Patrick";"Friesacher";"26/09/1980";"Austrian";0
40;41;"zonta";0;"ZON";"Ricardo";"Zonta";"23/03/1976";"Brazilian";0
41;42;"pizzonia";0;"PIZ";"AntÌ«nio";"Pizzonia";"11/09/1980";"Brazilian";0
42;43;"matta";0;"0";"Cristiano";"da Matta";"19/09/1973";"Brazilian";0
43;44;"panis";0;"0";"Olivier";"Panis";"02/09/1966";"French";0
44;45;"pantano";0;"0";"Giorgio";"Pantano";"04/02/1979";"Italian";0
45;46;"bruni";0;"0";"Gianmaria";"Bruni";"30/05/1981";"Italian";0
46;47;"baumgartner";0;"0";"Zsolt";"Baumgartner";"01/01/1981";"Hungarian";0
47;48;"gene";0;"0";"Marc";"GenÌ©";"29/03/1974";"Spanish";0
48;49;"frentzen";0;"0";"Heinz-Harald";"Frentzen";"18/05/1967";"German";0
49;50;"verstappen";0;"0";"Jos";"Verstappen";"04/03/1972";"Dutch";0
50;51;"wilson";0;"0";"Justin";"Wilson";"31/07/1978";"British";0
51;52;"firman";0;"0";"Ralph";"Firman";"20/05/1975";"Irish";0
52;53;"kiesa";0;"0";"Nicolas";"Kiesa";"03/03/1978";"Danish";0
53;54;"burti";0;"0";"Luciano";"Burti";"05/03/1975";"Brazilian";0
54;55;"alesi";0;"0";"Jean";"Alesi";"11/06/1964";"French";0
55;56;"irvine";0;"0";"Eddie";"Irvine";"10/11/1965";"British";0
56;57;"hakkinen";0;"0";"Mika";"HÌ_kkinen";"28/09/1968";"Finnish";0
57;58;"marques";0;"0";"Tarso";"Marques";"19/01/1976";"Brazilian";0
58;59;"bernoldi";0;"0";"Enrique";"Bernoldi";"19/10/1978";"Brazilian";0
59;60;"mazzacane";0;"0";"GastÌ_n";"Mazzacane";"08/05/1975";"Argentine";0
60;61;"enge";0;"0";"TomÌÁÁ";"Enge";"11/09/1976";"Czech";0
61;62;"yoong";0;"0";"Alex";"Yoong";"20/07/1976";"Malaysian";0
62;63;"salo";0;"0";"Mika";"Salo";"30/11/1966";"Finnish";0
63;64;"diniz";0;"0";"Pedro";"Diniz";"22/05/1970";"Brazilian";0
64;65;"herbert";0;"0";"Johnny";"Herbert";"25/06/1964";"British";0
65;66;"mcnish";0;"0";"Allan";"McNish";"29/12/1969";"British";0
66;67;"buemi";0;"BUE";"SÌ©bastien";"Buemi";"31/10/1988";"Swiss";0
67;68;"takagi";0;"0";"Toranosuke";"Takagi";"12/02/1974";"Japanese";0
68;69;"badoer";0;"BAD";"Luca";"Badoer";"25/01/1971";"Italian";0
69;70;"zanardi";0;"0";"Alessandro";"Zanardi";"23/10/1966";"Italian";0
70;71;"damon_hill";0;"0";"Damon";"Hill";"17/09/1960";"British";0
71;72;"sarrazin";0;"0";"StÌ©phane";"Sarrazin";"02/11/1975";"French";0
72;73;"rosset";0;"0";"Ricardo";"Rosset";"27/07/1968";"Brazilian";0
73;74;"tuero";0;"0";"Esteban";"Tuero";"22/04/1978";"Argentine";0
74;75;"nakano";0;"0";"Shinji";"Nakano";"01/04/1971";"Japanese";0
75;76;"magnussen";0;"MAG";"Jan";"Magnussen";"04/07/1973";"Danish";0
76;77;"berger";0;"0";"Gerhard";"Berger";"27/08/1959";"Austrian";0
77;78;"larini";0;"0";"Nicola";"Larini";"19/03/1964";"Italian";0
78;79;"katayama";0;"0";"Ukyo";"Katayama";"29/05/1963";"Japanese";0
79;80;"sospiri";0;"0";"Vincenzo";"Sospiri";"07/10/1966";"Italian";0
80;81;"morbidelli";0;"0";"Gianni";"Morbidelli";"13/01/1968";"Italian";0
81;82;"fontana";0;"0";"Norberto";"Fontana";"20/01/1975";"Argentine";0
82;83;"lamy";0;"0";"Pedro";"Lamy";"20/03/1972";"Portuguese";0
83;84;"brundle";0;"0";"Martin";"Brundle";"01/06/1959";"British";0
84;85;"montermini";0;"0";"Andrea";"Montermini";"30/05/1964";"Italian";0
85;86;"lavaggi";0;"0";"Giovanni";"Lavaggi";"18/02/1958";"Italian";0
86;87;"blundell";0;"0";"Mark";"Blundell";"08/04/1966";"British";0
87;88;"suzuki";0;"0";"Aguri";"Suzuki";"08/09/1960";"Japanese";0
88;89;"inoue";0;"0";"Taki";"Inoue";"05/09/1963";"Japanese";0
89;90;"moreno";0;"0";"Roberto";"Moreno";"11/02/1959";"Brazilian";0
90;91;"wendlinger";0;"0";"Karl";"Wendlinger";"20/12/1968";"Austrian";0
91;92;"gachot";0;"0";"Bertrand";"Gachot";"23/12/1962";"Belgian";0
92;93;"schiattarella";0;"0";"Domenico";"Schiattarella";"17/11/1967";"Italian";0
93;94;"martini";0;"0";"Pierluigi";"Martini";"23/04/1961";"Italian";0
94;95;"mansell";0;"0";"Nigel";"Mansell";"08/08/1953";"British";0
95;96;"boullion";0;"0";"Jean-Christophe";"Boullion";"27/12/1969";"French";0
96;97;"papis";0;"0";"Massimiliano";"Papis";"03/10/1969";"Italian";0
97;98;"deletraz";0;"0";"Jean-Denis";"DÌ©lÌ©traz";"01/10/1963";"Swiss";0
98;99;"tarquini";0;"0";"Gabriele";"Tarquini";"02/03/1962";"Italian";0
99;100;"comas";0;"0";"Ìärik";"Comas";"28/09/1963";"French";0
100;101;"brabham";0;"0";"David";"Brabham";"05/09/1965";"Australian";0
101;102;"senna";0;"0";"Ayrton";"Senna";"21/03/1960";"Brazilian";0
102;103;"bernard";0;"0";"Ìäric";"Bernard";"24/08/1964";"French";0
103;104;"fittipaldi";0;"0";"Christian";"Fittipaldi";"18/01/1971";"Brazilian";0
104;105;"alboreto";0;"0";"Michele";"Alboreto";"23/12/1956";"Italian";0
105;106;"beretta";0;"0";"Olivier";"Beretta";"23/11/1969";"Monegasque";0
106;107;"ratzenberger";0;"0";"Roland";"Ratzenberger";"04/07/1960";"Austrian";0
107;108;"belmondo";0;"0";"Paul";"Belmondo";"23/04/1963";"French";0
108;109;"lehto";0;"0";"Jyrki";"JÌ_rvilehto";"31/01/1966";"Finnish";0
109;110;"cesaris";0;"0";"Andrea";"de Cesaris";"31/05/1959";"Italian";0
110;111;"gounon";0;"0";"Jean-Marc";"Gounon";"01/01/1963";"French";0
111;112;"alliot";0;"0";"Philippe";"Alliot";"27/07/1954";"French";0
112;113;"adams";0;"0";"Philippe";"Adams";"19/11/1969";"Belgian";0
113;114;"dalmas";0;"0";"Yannick";"Dalmas";"28/07/1961";"French";0
114;115;"noda";0;"0";"Hideki";"Noda";"07/03/1969";"Japanese";0
115;116;"lagorce";0;"0";"Franck";"Lagorce";"01/09/1968";"French";0
116;117;"prost";0;"0";"Alain";"Prost";"24/02/1955";"French";0
117;118;"warwick";0;"0";"Derek";"Warwick";"27/08/1954";"British";0
118;119;"patrese";0;"0";"Riccardo";"Patrese";"17/04/1954";"Italian";0
119;120;"barbazza";0;"0";"Fabrizio";"Barbazza";"02/04/1963";"Italian";0
120;121;"andretti";0;"0";"Michael";"Andretti";"05/10/1962";"American";0
121;122;"capelli";0;"0";"Ivan";"Capelli";"24/05/1963";"Italian";0
122;123;"boutsen";0;"0";"Thierry";"Boutsen";"13/07/1957";"Belgian";0
123;124;"apicella";0;"0";"Marco";"Apicella";"07/10/1965";"Italian";0
124;125;"naspetti";0;"0";"Emanuele";"Naspetti";"24/02/1968";"Italian";0
125;126;"toshio_suzuki";0;"0";"Toshio";"Suzuki";"10/03/1955";"Japanese";0
126;127;"gugelmin";0;"0";"MaurÌ_cio";"Gugelmin";"20/04/1963";"Brazilian";0
127;128;"poele";0;"0";"Eric";"van de Poele";"30/09/1961";"Belgian";0
128;129;"grouillard";0;"0";"Olivier";"Grouillard";"02/09/1958";"French";0
129;130;"chiesa";0;"0";"Andrea";"Chiesa";"06/05/1964";"Swiss";0
130;131;"modena";0;"0";"Stefano";"Modena";"12/05/1963";"Italian";0
131;132;"amati";0;"0";"Giovanna";"Amati";"20/07/1959";"Italian";0
132;133;"caffi";0;"0";"Alex";"Caffi";"18/03/1964";"Italian";0
133;134;"bertaggia";0;"0";"Enrico";"Bertaggia";"19/09/1964";"Italian";0
134;135;"mccarthy";0;"0";"Perry";"McCarthy";"03/03/1961";"British";0
135;136;"lammers";0;"0";"Jan";"Lammers";"02/06/1956";"Dutch";0
136;137;"piquet";0;"0";"Nelson";"Piquet";"17/08/1952";"Brazilian";0
137;138;"satoru_nakajima";0;"0";"Satoru";"Nakajima";"23/02/1953";"Japanese";0
138;139;"pirro";0;"0";"Emanuele";"Pirro";"12/01/1962";"Italian";0
139;140;"johansson";0;"0";"Stefan";"Johansson";"08/09/1956";"Swedish";0
140;141;"bailey";0;"0";"Julian";"Bailey";"09/10/1961";"British";0
141;142;"chaves";0;"0";"Pedro";"Chaves";"27/02/1965";"Portuguese";0
142;143;"bartels";0;"0";"Michael";"Bartels";"08/03/1968";"German";0
143;144;"hattori";0;"0";"Naoki";"Hattori";"13/06/1966";"Japanese";0
144;145;"nannini";0;"0";"Alessandro";"Nannini";"07/07/1959";"Italian";0
145;146;"schneider";0;"0";"Bernd";"Schneider";"20/07/1964";"German";0
146;147;"barilla";0;"0";"Paolo";"Barilla";"20/04/1961";"Italian";0
147;148;"foitek";0;"0";"Gregor";"Foitek";"27/03/1965";"Swiss";0
148;149;"langes";0;"0";"Claudio";"Langes";"20/07/1960";"Italian";0
149;150;"gary_brabham";0;"0";"Gary";"Brabham";"29/03/1961";"Australian";0
150;151;"donnelly";0;"0";"Martin";"Donnelly";"26/03/1964";"British";0
151;152;"giacomelli";0;"0";"Bruno";"Giacomelli";"10/09/1952";"Italian";0
152;153;"alguersuari";0;"ALG";"Jaime";"Alguersuari";"23/03/1990";"Spanish";0
153;154;"grosjean";8;"GRO";"Romain";"Grosjean";"17/04/1986";"French";0
154;155;"kobayashi";10;"KOB";"Kamui";"Kobayashi";"13/09/1986";"Japanese";0
155;156;"palmer";0;"0";"Jonathan";"Palmer";"07/11/1956";"British";0
156;157;"danner";0;"0";"Christian";"Danner";"04/04/1958";"German";0
157;158;"cheever";0;"0";"Eddie";"Cheever";"10/01/1958";"American";0
158;159;"sala";0;"0";"Luis";"PÌ©rez-Sala";"15/05/1959";"Spanish";0
159;160;"ghinzani";0;"0";"Piercarlo";"Ghinzani";"16/01/1952";"Italian";0
160;161;"weidler";0;"0";"Volker";"Weidler";"18/03/1962";"German";0
161;162;"raphanel";0;"0";"Pierre-Henri";"Raphanel";"27/05/1961";"French";0
162;163;"arnoux";0;"0";"RenÌ©";"Arnoux";"04/07/1948";"French";0
163;164;"joachim_winkelhock";0;"0";"Joachim";"Winkelhock";"24/10/1960";"German";0
164;165;"larrauri";0;"0";"Oscar";"Larrauri";"19/08/1954";"Argentine";0
165;166;"streiff";0;"0";"Philippe";"Streiff";"26/06/1955";"French";0
166;167;"campos";0;"0";"AdriÌÁn";"Campos";"17/06/1960";"Spanish";0
167;168;"schlesser";0;"0";"Jean-Louis";"Schlesser";"12/09/1948";"French";0
168;169;"fabre";0;"0";"Pascal";"Fabre";"09/01/1960";"French";0
169;170;"fabi";0;"0";"Teo";"Fabi";"09/03/1955";"Italian";0
170;171;"forini";0;"0";"Franco";"Forini";"22/09/1958";"Swiss";0
171;172;"laffite";0;"0";"Jacques";"Laffite";"21/11/1943";"French";0
172;173;"angelis";0;"0";"Elio";"de Angelis";"26/03/1958";"Italian";0
173;174;"dumfries";0;"0";"Johnny";"Dumfries";"26/04/1958";"British";0
174;175;"tambay";0;"0";"Patrick";"Tambay";"25/06/1949";"French";0
175;176;"surer";0;"0";"Marc";"Surer";"18/09/1951";"Swiss";0
176;177;"keke_rosberg";0;"0";"Keke";"Rosberg";"06/12/1948";"Finnish";0
177;178;"jones";0;"0";"Alan";"Jones";"02/11/1946";"Australian";0
178;179;"rothengatter";0;"0";"Huub";"Rothengatter";"08/10/1954";"Dutch";0
179;180;"berg";0;"0";"Allen";"Berg";"01/08/1961";"Canadian";0
180;181;"manfred_winkelhock";0;"0";"Manfred";"Winkelhock";"06/10/1951";"German";0
181;182;"lauda";0;"0";"Niki";"Lauda";"22/02/1949";"Austrian";0
182;183;"hesnault";0;"0";"FranÌ¤ois";"Hesnault";"30/12/1956";"French";0
183;184;"baldi";0;"0";"Mauro";"Baldi";"31/01/1954";"Italian";0
184;185;"bellof";0;"0";"Stefan";"Bellof";"20/11/1957";"German";0
185;186;"acheson";0;"0";"Kenny";"Acheson";"27/11/1957";"British";0
186;187;"watson";0;"0";"John";"Watson";"04/05/1946";"British";0
187;188;"cecotto";0;"0";"Johnny";"Cecotto";"25/01/1956";"Venezuelan";0
188;189;"gartner";0;"0";"Jo";"Gartner";"24/01/1954";"Austrian";0
189;190;"corrado_fabi";0;"0";"Corrado";"Fabi";"12/04/1961";"Italian";0
190;191;"thackwell";0;"0";"Mike";"Thackwell";"30/03/1961";"New Zealander";0
191;192;"serra";0;"0";"Chico";"Serra";"03/02/1957";"Brazilian";0
192;193;"sullivan";0;"0";"Danny";"Sullivan";"09/03/1950";"American";0
193;194;"salazar";0;"0";"Eliseo";"Salazar";"14/11/1954";"Chilean";0
194;195;"guerrero";0;"0";"Roberto";"Guerrero";"16/11/1958";"Colombian";0
195;196;"boesel";0;"0";"Raul";"Boesel";"04/12/1957";"Brazilian";0
196;197;"jarier";0;"0";"Jean-Pierre";"Jarier";"10/07/1946";"French";0
197;198;"villeneuve_sr";0;"0";"Jacques";"Villeneuve Sr.";"04/11/1953";"Canadian";0
198;199;"reutemann";0;"0";"Carlos";"Reutemann";"12/04/1942";"Argentine";0
199;200;"mass";0;"0";"Jochen";"Mass";"30/09/1946";"German";0
200;201;"borgudd";0;"0";"Slim";"Borgudd";"25/11/1946";"Swedish";0
201;202;"pironi";0;"0";"Didier";"Pironi";"26/03/1952";"French";0
202;203;"gilles_villeneuve";0;"0";"Gilles";"Villeneuve";"18/01/1950";"Canadian";0
203;204;"paletti";0;"0";"Riccardo";"Paletti";"15/06/1958";"Italian";0
204;205;"henton";0;"0";"Brian";"Henton";"19/09/1946";"British";0
205;206;"daly";0;"0";"Derek";"Daly";"11/03/1953";"Irish";0
206;207;"mario_andretti";0;"0";"Mario";"Andretti";"28/02/1940";"American";0
207;208;"villota";0;"0";"Emilio";"de Villota";"26/07/1946";"Spanish";0
208;209;"lees";0;"0";"Geoff";"Lees";"01/05/1951";"British";0
209;210;"byrne";0;"0";"Tommy";"Byrne";"06/05/1958";"Irish";0
210;211;"keegan";0;"0";"Rupert";"Keegan";"26/02/1955";"British";0
211;212;"rebaque";0;"0";"Hector";"Rebaque";"05/02/1956";"Mexican";0
212;213;"gabbiani";0;"0";"Beppe";"Gabbiani";"02/01/1957";"Italian";0
213;214;"cogan";0;"0";"Kevin";"Cogan";"31/03/1956";"American";0
214;215;"guerra";0;"0";"Miguel Ìngel";"Guerra";"31/08/1953";"Argentine";0
215;216;"stohr";0;"0";"Siegfried";"Stohr";"10/10/1952";"Italian";0
216;217;"zunino";0;"0";"Ricardo";"Zunino";"13/04/1949";"Argentine";0
217;218;"londono";0;"0";"Ricardo";"LondoÌ±o";"08/08/1949";"Colombian";0
218;219;"jabouille";0;"0";"Jean-Pierre";"Jabouille";"01/10/1942";"French";0
219;220;"francia";0;"0";"Giorgio";"Francia";"08/11/1947";"Italian";0
220;221;"depailler";0;"0";"Patrick";"Depailler";"09/08/1944";"French";0
221;222;"scheckter";0;"0";"Jody";"Scheckter";"29/01/1950";"South African";0
222;223;"regazzoni";0;"0";"Clay";"Regazzoni";"05/09/1939";"Swiss";0
223;224;"emerson_fittipaldi";0;"0";"Emerson";"Fittipaldi";"12/12/1946";"Brazilian";0
224;225;"kennedy";0;"0";"Dave";"Kennedy";"15/01/1953";"Irish";0
225;226;"south";0;"0";"Stephen";"South";"19/02/1952";"British";0
226;227;"needell";0;"0";"Tiff";"Needell";"29/10/1951";"British";0
227;228;"desire_wilson";0;"0";"DesirÌ©";"Wilson";"26/11/1953";"South African";0
228;229;"ertl";0;"0";"Harald";"Ertl";"31/08/1948";"Austrian";0
229;230;"brambilla";0;"0";"Vittorio";"Brambilla";"11/11/1937";"Italian";0
230;231;"hunt";0;"0";"James";"Hunt";"29/08/1947";"British";0
231;232;"merzario";0;"0";"Arturo";"Merzario";"11/03/1943";"Italian";0
232;233;"stuck";0;"0";"Hans-Joachim";"Stuck";"01/01/1951";"German";0
233;234;"brancatelli";0;"0";"Gianfranco";"Brancatelli";"18/01/1950";"Italian";0
234;235;"ickx";0;"0";"Jacky";"Ickx";"01/01/1945";"Belgian";0
235;236;"gaillard";0;"0";"Patrick";"Gaillard";"12/02/1952";"French";0
236;237;"ribeiro";0;"0";"Alex";"Ribeiro";"07/11/1948";"Brazilian";0
237;238;"peterson";0;"0";"Ronnie";"Peterson";"14/02/1944";"Swedish";0
238;239;"lunger";0;"0";"Brett";"Lunger";"14/11/1945";"American";0
239;240;"ongais";0;"0";"Danny";"Ongais";"21/05/1942";"American";0
240;241;"leoni";0;"0";"Lamberto";"Leoni";"24/05/1953";"Italian";0
241;242;"galica";0;"0";"Divina";"Galica";"13/08/1944";"British";0
242;243;"stommelen";0;"0";"Rolf";"Stommelen";"11/07/1943";"German";0
243;244;"colombo";0;"0";"Alberto";"Colombo";"23/02/1946";"Italian";0
244;245;"trimmer";0;"0";"Tony";"Trimmer";"24/01/1943";"British";0
245;246;"binder";0;"0";"Hans";"Binder";"12/06/1948";"Austrian";0
246;247;"bleekemolen";0;"0";"Michael";"Bleekemolen";"02/10/1949";"Dutch";0
247;248;"gimax";0;"0";"Carlo";"Franchi";"01/01/1938";"Italian";0
248;249;"rahal";0;"0";"Bobby";"Rahal";"10/01/1953";"American";0
249;250;"pace";0;"0";"Carlos";"Pace";"06/10/1944";"Brazilian";0
250;251;"ian_scheckter";0;"0";"Ian";"Scheckter";"22/08/1947";"South African";0
251;252;"pryce";0;"0";"Tom";"Pryce";"11/06/1949";"British";0
252;253;"hoffmann";0;"0";"Ingo";"Hoffmann";"28/02/1953";"Brazilian";0
253;254;"zorzi";0;"0";"Renzo";"Zorzi";"12/12/1946";"Italian";0
254;255;"nilsson";0;"0";"Gunnar";"Nilsson";"20/11/1948";"Swedish";0
255;256;"perkins";0;"0";"Larry";"Perkins";"18/03/1950";"Australian";0
256;257;"hayje";0;"0";"Boy";"Lunger";"03/05/1949";"Dutch";0
257;258;"neve";0;"0";"Patrick";"NÌ¬ve";"13/10/1949";"Belgian";0
258;259;"purley";0;"0";"David";"Purley";"26/01/1945";"British";0
259;260;"andersson";0;"0";"Conny";"Andersson";"28/12/1939";"Swedish";0
260;261;"dryver";0;"0";"Bernard";"de Dryver";"19/09/1952";"Belgian";0
261;262;"oliver";0;"0";"Jackie";"Oliver";"14/08/1942";"British";0
262;263;"kozarowitzky";0;"0";"Mikko";"Kozarowitzky";"17/05/1948";"Finnish";0
263;264;"sutcliffe";0;"0";"Andy";"Sutcliffe";"09/05/1947";"British";0
264;265;"edwards";0;"0";"Guy";"Edwards";"30/12/1942";"British";0
265;266;"mcguire";0;"0";"Brian";"McGuire";"13/12/1945";"Australian";0
266;267;"schuppan";0;"0";"Vern";"Schuppan";"19/03/1943";"Australian";0
267;268;"heyer";0;"0";"Hans";"Heyer";"16/03/1943";"German";0
268;269;"pilette";0;"0";"Teddy";"Pilette";"26/07/1942";"Belgian";0
269;270;"ashley";0;"0";"Ian";"Ashley";"26/10/1947";"British";0
270;271;"kessel";0;"0";"Loris";"Kessel";"01/04/1950";"Swiss";0
271;272;"takahashi";0;"0";"Kunimitsu";"Takahashi";"29/01/1940";"Japanese";0
272;273;"hoshino";0;"0";"Kazuyoshi";"Hoshino";"01/07/1947";"Japanese";0
273;274;"takahara";0;"0";"Noritake";"Takahara";"06/06/1951";"Japanese";0
274;275;"lombardi";0;"0";"Lella";"Lombardi";"26/03/1941";"Italian";0
275;276;"evans";0;"0";"Bob";"Evans";"11/06/1947";"British";0
276;277;"leclere";0;"0";"Michel";"LeclÌ¬re";"18/03/1946";"French";0
277;278;"amon";0;"0";"Chris";"Amon";"20/07/1943";"New Zealander";0
278;279;"zapico";0;"0";"Emilio";"Zapico";"27/05/1944";"Spanish";0
279;280;"pescarolo";0;"0";"Henri";"Pescarolo";"25/09/1942";"French";0
280;281;"nelleman";0;"0";"Jac";"Nelleman";"19/04/1944";"Danish";0
281;282;"magee";0;"0";"Damien";"Magee";"17/11/1945";"British";0
282;283;"wilds";0;"0";"Mike";"Wilds";"07/01/1946";"British";0
283;284;"pesenti_rossi";0;"0";"Alessandro";"Pesenti-Rossi";"31/08/1942";"Italian";0
284;285;"stuppacher";0;"0";"Otto";"Stuppacher";"03/03/1947";"Austrian";0
285;286;"brown";0;"0";"Warwick";"Brown";"24/12/1949";"Australian";0
286;287;"hasemi";0;"0";"Masahiro";"Hasemi";"13/11/1945";"Japanese";0
287;288;"donohue";0;"0";"Mark";"Donohue";"18/03/1937";"American";0
288;289;"hill";0;"0";"Graham";"Hill";"15/02/1929";"British";0
289;290;"wilson_fittipaldi";0;"0";"Wilson";"Fittipaldi";"25/12/1943";"Brazilian";0
290;291;"tunmer";0;"0";"Guy";"Tunmer";"01/12/1948";"South African";0
291;292;"keizan";0;"0";"Eddie";"Keizan";"12/09/1944";"South African";0
292;293;"charlton";0;"0";"Dave";"Charlton";"27/10/1936";"South African";0
293;294;"brise";0;"0";"Tony";"Brise";"28/03/1952";"British";0
294;295;"wunderink";0;"0";"Roelof";"Wunderink";"12/12/1948";"Dutch";0
295;296;"migault";0;"0";"FranÌ¤ois";"Migault";"04/12/1944";"French";0
296;297;"palm";0;"0";"Torsten";"Palm";"23/07/1947";"Swedish";0
297;298;"lennep";0;"0";"Gijs";"van Lennep";"16/03/1942";"Dutch";0
298;299;"fushida";0;"0";"Hiroshi";"Fushida";"10/03/1946";"Japanese";0
299;300;"nicholson";0;"0";"John";"Nicholson";"06/10/1941";"New Zealander";0
300;301;"morgan";0;"0";"Dave";"Morgan";"07/08/1944";"British";0
301;302;"crawford";0;"0";"Jim";"Crawford";"13/02/1948";"British";0
302;303;"vonlanthen";0;"0";"Jo";"Vonlanthen";"31/05/1942";"Swiss";0
303;304;"hulme";0;"0";"Denny";"Hulme";"18/06/1936";"New Zealander";0
304;305;"hailwood";0;"0";"Mike";"Hailwood";"02/04/1940";"British";0
305;306;"beltoise";0;"0";"Jean-Pierre";"Beltoise";"26/04/1937";"French";0
306;307;"ganley";0;"0";"Howden";"Ganley";"24/12/1941";"New Zealander";0
307;308;"robarts";0;"0";"Richard";"Robarts";"22/09/1944";"British";0
308;309;"revson";0;"0";"Peter";"Revson";"27/02/1939";"American";0
309;310;"driver";0;"0";"Paddy";"Driver";"13/05/1934";"South African";0
310;311;"belso";0;"0";"Tom";"BelsÌü";"27/08/1942";"Danish";0
311;312;"redman";0;"0";"Brian";"Redman";"09/03/1937";"British";0
312;313;"opel";0;"0";"Rikky";"von Opel";"14/10/1947";"Liechtensteiner";0
313;314;"schenken";0;"0";"Tim";"Schenken";"26/09/1943";"Australian";0
314;315;"larrousse";0;"0";"GÌ©rard";"Larrousse";"23/05/1940";"French";0
315;316;"kinnunen";0;"0";"Leo";"Kinnunen";"05/08/1943";"Finnish";0
316;317;"wisell";0;"0";"Reine";"Wisell";"30/09/1941";"Swedish";0
317;318;"roos";0;"0";"Bertil";"Roos";"12/10/1943";"Swedish";0
318;319;"dolhem";0;"0";"JosÌ©";"Dolhem";"26/04/1944";"French";0
319;320;"gethin";0;"0";"Peter";"Gethin";"21/02/1940";"British";0
320;321;"bell";0;"0";"Derek";"Bell";"31/10/1941";"British";0
321;322;"hobbs";0;"0";"David";"Hobbs";"09/06/1939";"British";0
322;323;"quester";0;"0";"Dieter";"Quester";"30/05/1939";"Austrian";0
323;324;"koinigg";0;"0";"Helmuth";"Koinigg";"03/11/1948";"Austrian";0
324;325;"facetti";0;"0";"Carlo";"Facetti";"26/06/1935";"Italian";0
325;326;"wietzes";0;"0";"Eppie";"Wietzes";"28/05/1938";"Canadian";0
326;327;"cevert";0;"0";"FranÌ¤ois";"Cevert";"25/02/1944";"French";0
327;328;"stewart";0;"0";"Jackie";"Stewart";"11/06/1939";"British";0
328;329;"beuttler";0;"0";"Mike";"Beuttler";"13/04/1940";"British";0
329;330;"galli";0;"0";"Nanni";"Galli";"02/10/1940";"Italian";0
330;331;"bueno";0;"0";"Luiz";"Bueno";"16/01/1937";"Brazilian";0
331;332;"follmer";0;"0";"George";"Follmer";"27/01/1934";"American";0
332;333;"adamich";0;"0";"Andrea";"de Adamich";"03/10/1941";"Italian";0
333;334;"pretorius";0;"0";"Jackie";"Pretorius";"22/11/1934";"South African";0
334;335;"williamson";0;"0";"Roger";"Williamson";"02/02/1948";"British";0
335;336;"mcrae";0;"0";"Graham";"McRae";"05/03/1940";"New Zealander";0
336;337;"marko";0;"0";"Helmut";"Marko";"27/04/1943";"Austrian";0
337;338;"walker";0;"0";"David";"Walker";"10/06/1941";"Australian";0
338;339;"roig";0;"0";"Alex";"Soler-Roig";"29/10/1932";"Spanish";0
339;340;"love";0;"0";"John";"Love";"07/12/1924";"Rhodesian";0
340;341;"surtees";0;"0";"John";"Surtees";"11/02/1934";"British";0
341;342;"barber";0;"0";"Skip";"Barber";"16/11/1936";"American";0
342;343;"brack";0;"0";"Bill";"Brack";"26/12/1935";"Canadian";0
343;344;"posey";0;"0";"Sam";"Posey";"26/05/1944";"American";0
344;345;"rodriguez";0;"0";"Pedro";"RodrÌ_guez";"18/01/1940";"Mexican";0
345;346;"siffert";0;"0";"Jo";"Siffert";"07/07/1936";"Swiss";0
346;347;"bonnier";0;"0";"Jo";"Bonnier";"31/01/1930";"Swedish";0
347;348;"mazet";0;"0";"FranÌ¤ois";"Mazet";"24/02/1943";"French";0
348;349;"jean";0;"0";"Max";"Jean";"27/07/1943";"French";0
349;350;"elford";0;"0";"Vic";"Elford";"10/06/1935";"British";0
350;351;"moser";0;"0";"Silvio";"Moser";"24/04/1941";"Swiss";0
351;352;"eaton";0;"0";"George";"Eaton";"12/11/1945";"Canadian";0
352;353;"lovely";0;"0";"Pete";"Lovely";"11/04/1926";"American";0
353;354;"craft";0;"0";"Chris";"Craft";"17/11/1939";"British";0
354;355;"Cannoc";0;"0";"John";"Cannon";"21/06/1933";"Canadian";0
355;356;"jack_brabham";0;"0";"Jack";"Brabham";"02/04/1926";"Australian";0
356;357;"miles";0;"0";"John";"Miles";"14/06/1943";"British";0
357;358;"rindt";0;"0";"Jochen";"Rindt";"18/04/1942";"Austrian";0
358;359;"gavin";0;"0";"Johnny";"Servoz-Gavin";"18/01/1942";"French";0
359;360;"mclaren";0;"0";"Bruce";"McLaren";"30/08/1937";"New Zealander";0
360;361;"courage";0;"0";"Piers";"Courage";"27/05/1942";"British";0
361;362;"klerk";0;"0";"Peter";"de Klerk";"16/03/1935";"South African";0
362;363;"giunti";0;"0";"Ignazio";"Giunti";"30/08/1941";"Italian";0
363;364;"gurney";0;"0";"Dan";"Gurney";"13/04/1931";"American";0
364;365;"hahne";0;"0";"Hubert";"Hahne";"28/03/1935";"German";0
365;366;"hutchison";0;"0";"Gus";"Hutchison";"26/04/1937";"American";0
366;367;"westbury";0;"0";"Peter";"Westbury";"26/05/1938";"British";0
367;368;"tingle";0;"0";"Sam";"Tingle";"24/08/1921";"Rhodesian";0
368;369;"rooyen";0;"0";"Basil";"van Rooyen";"19/04/1939";"South African";0
369;370;"attwood";0;"0";"Richard";"Attwood";"04/04/1940";"British";0
370;371;"pease";0;"0";"Al";"Pease";"15/10/1921";"Canadian";0
371;372;"cordts";0;"0";"John";"Cordts";"23/07/1935";"Canadian";0
372;373;"clark";0;"0";"Jim";"Clark";"04/03/1936";"British";0
373;374;"spence";0;"0";"Mike";"Spence";"30/12/1936";"British";0
374;375;"scarfiotti";0;"0";"Ludovico";"Scarfiotti";"18/10/1933";"Italian";0
375;376;"bianchi";0;"BIA";"Lucien";"Bianchi";"10/11/1934";"Belgian";0
376;377;"jo_schlesser";0;"0";"Jo";"Schlesser";"18/05/1928";"French";0
377;378;"widdows";0;"0";"Robin";"Widdows";"27/05/1942";"British";0
378;379;"ahrens";0;"0";"Kurt";"Ahrens";"19/04/1940";"German";0
379;380;"gardner";0;"0";"Frank";"Gardner";"01/10/1930";"Australian";0
380;381;"unser";0;"0";"Bobby";"Unser";"20/02/1934";"American";0
381;382;"solana";0;"0";"MoisÌ©s";"Solana";"26/12/1935";"Mexican";0
382;383;"anderson";0;"0";"Bob";"Anderson";"19/05/1931";"British";0
383;384;"botha";0;"0";"Luki";"Botha";"16/01/1930";"South African";0
384;385;"bandini";0;"0";"Lorenzo";"Bandini";"21/12/1935";"Italian";0
385;386;"ginther";0;"0";"Richie";"Ginther";"05/08/1930";"American";0
386;387;"parkes";0;"0";"Mike";"Parkes";"24/09/1931";"British";0
387;388;"irwin";0;"0";"Chris";"Irwin";"27/06/1942";"British";0
388;389;"ligier";0;"0";"Guy";"Ligier";"12/07/1930";"French";0
389;390;"rees";0;"0";"Alan";"Rees";"12/01/1938";"British";0
390;391;"hart";0;"0";"Brian";"Hart";"07/09/1936";"British";0
391;392;"fisher";0;"0";"Mike";"Fisher";"13/03/1943";"American";0
392;393;"tom_jones";0;"0";"Tom";"Jones";"26/04/1943";"American";0
393;394;"baghetti";0;"0";"Giancarlo";"Baghetti";"25/12/1934";"Italian";0
394;395;"williams";0;"0";"Jonathan";"Williams";"26/10/1942";"British";0
395;396;"bondurant";0;"0";"Bob";"Bondurant";"27/04/1933";"American";0
396;397;"arundell";0;"0";"Peter";"Arundell";"08/11/1933";"British";0
397;398;"vic_wilson";0;"0";"Vic";"Wilson";"14/04/1931";"British";0
398;399;"taylor";0;"0";"John";"Taylor";"23/03/1933";"British";0
399;400;"lawrence";0;"0";"Chris";"Lawrence";"27/07/1933";"British";0
400;401;"trevor_taylor";0;"0";"Trevor";"Taylor";"26/12/1936";"British";0
401;402;"geki";0;"0";"Giacomo";"Russo";"23/10/1937";"Italian";0
402;403;"phil_hill";0;"0";"Phil";"Hill";"20/04/1927";"American";0
403;404;"ireland";0;"0";"Innes";"Ireland";"12/06/1930";"British";0
404;405;"bucknum";0;"0";"Ronnie";"Bucknum";"05/04/1936";"American";0
405;406;"hawkins";0;"0";"Paul";"Hawkins";"12/10/1937";"Australian";0
406;407;"prophet";0;"0";"David";"Prophet";"09/10/1937";"British";0
407;408;"maggs";0;"0";"Tony";"Maggs";"09/02/1937";"South African";0
408;409;"blokdyk";0;"0";"Trevor";"Blokdyk";"30/11/1935";"South African";0
409;410;"lederle";0;"0";"Neville";"Lederle";"25/09/1938";"South African";0
410;411;"serrurier";0;"0";"Doug";"Serrurier";"09/12/1920";"South African";0
411;412;"niemann";0;"0";"Brausch";"Niemann";"07/01/1939";"South African";0
412;413;"pieterse";0;"0";"Ernie";"Pieterse";"04/07/1938";"South African";0
413;414;"puzey";0;"0";"Clive";"Puzey";"11/07/1941";"Rhodesian";0
414;415;"reed";0;"0";"Ray";"Reed";"0";"South African";0
415;416;"clapham";0;"0";"David";"Clapham";"18/05/1931";"South African";0
416;417;"blignaut";0;"0";"Alex";"Blignaut";"30/11/1932";"South African";0
417;418;"gregory";0;"0";"Masten";"Gregory";"29/02/1932";"American";0
418;419;"rhodes";0;"0";"John";"Rhodes";"18/08/1927";"British";0
419;420;"raby";0;"0";"Ian";"Raby";"22/09/1921";"British";0
420;421;"rollinson";0;"0";"Alan";"Rollinson";"15/05/1943";"British";0
421;422;"gubby";0;"0";"Brian";"Gubby";"17/04/1934";"British";0
422;423;"mitter";0;"0";"Gerhard";"Mitter";"30/08/1935";"German";0
423;424;"bussinello";0;"0";"Roberto";"Bussinello";"04/10/1927";"Italian";0
424;425;"vaccarella";0;"0";"Nino";"Vaccarella";"04/03/1933";"Italian";0
425;426;"bassi";0;"0";"Giorgio";"Bassi";"20/01/1934";"Italian";0
426;427;"trintignant";0;"0";"Maurice";"Trintignant";"30/10/1917";"French";0
427;428;"collomb";0;"0";"Bernard";"Collomb";"07/10/1930";"French";0
428;429;"andre_pilette";0;"0";"AndrÌ©";"Pilette";"06/10/1918";"Belgian";0
429;430;"beaufort";0;"0";"Carel Godin";"de Beaufort";"10/04/1934";"Dutch";0
430;431;"barth";0;"0";"Edgar";"Barth";"26/01/1917";"German";0
431;432;"cabral";0;"0";"MÌÁrio de AraÌ¼jo";"Cabral";"15/01/1934";"Portuguese";0
432;433;"hansgen";0;"0";"Walt";"Hansgen";"28/10/1919";"American";0
433;434;"sharp";0;"0";"Hap";"Sharp";"01/01/1928";"American";0
434;435;"mairesse";0;"0";"Willy";"Mairesse";"01/10/1928";"Belgian";0
435;436;"campbell-jones";0;"0";"John";"Campbell-Jones";"21/01/1930";"British";0
436;437;"burgess";0;"0";"Ian";"Burgess";"06/07/1930";"British";0
437;438;"settember";0;"0";"Tony";"Settember";"10/07/1926";"American";0
438;439;"estefano";0;"0";"Nasif";"EstÌ©fano";"18/11/1932";"Argentine";0
439;440;"hall";0;"0";"Jim";"Hall";"23/07/1935";"American";0
440;441;"parnell";0;"0";"Tim";"Parnell";"25/06/1932";"British";0
441;442;"kuhnke";0;"0";"Kurt";"Kuhnke";"30/04/1910";"German";0
442;443;"ernesto_brambilla";0;"0";"Ernesto";"Brambilla";"31/01/1934";"Italian";0
443;444;"lippi";0;"0";"Roberto";"Lippi";"17/10/1926";"Italian";0
444;445;"seiffert";0;"0";"GÌ_nther";"Seiffert";"18/10/1937";"German";0
445;446;"abate";0;"0";"Carlo";"Abate";"10/07/1932";"Italian";0
446;447;"starrabba";0;"0";"Gaetano";"Starrabba";"03/12/1932";"Italian";0
447;448;"broeker";0;"0";"Peter";"Broeker";"15/05/1926";"Canadian";0
448;449;"ward";0;"0";"Rodger";"Ward";"10/01/1921";"American";0
449;450;"vos";0;"0";"Ernie";"de Vos";"01/07/1941";"Dutch";0
450;451;"dochnal";0;"0";"Frank";"Dochnal";"08/10/1920";"American";0
451;452;"monarch";0;"0";"Thomas";"Monarch";"03/09/1945";"American";0
452;842;"gasly";10;"GAS";"Pierre";"Gasly";"07/02/1996";"French";0
453;453;"lewis";0;"0";"Jackie";"Lewis";"01/11/1936";"British";0
454;454;"ricardo_rodriguez";0;"0";"Ricardo";"RodrÌ_guez";"14/02/1942";"Mexican";0
455;455;"seidel";0;"0";"Wolfgang";"Seidel";"04/07/1926";"German";0
456;456;"salvadori";0;"0";"Roy";"Salvadori";"12/05/1922";"British";0
457;457;"pon";0;"0";"Ben";"Pon";"09/12/1936";"Dutch";0
458;458;"slotemaker";0;"0";"Rob";"Slotemaker";"13/06/1929";"Dutch";0
459;459;"marsh";0;"0";"Tony";"Marsh";"20/07/1931";"British";0
460;460;"ashmore";0;"0";"Gerry";"Ashmore";"25/07/1936";"British";0
461;461;"schiller";0;"0";"Heinz";"Schiller";"25/01/1930";"Swiss";0
462;462;"davis";0;"0";"Colin";"Davis";"29/07/1933";"British";0
463;463;"chamberlain";0;"0";"Jay";"Chamberlain";"29/12/1925";"American";0
464;464;"shelly";0;"0";"Tony";"Shelly";"02/02/1937";"New Zealander";0
465;465;"greene";0;"0";"Keith";"Greene";"05/01/1938";"British";0
466;466;"walter";0;"0";"Heini";"Walter";"28/07/1927";"Swiss";0
467;467;"prinoth";0;"0";"Ernesto";"Prinoth";"15/04/1923";"Italian";0
468;468;"penske";0;"0";"Roger";"Penske";"20/02/1937";"American";0
469;469;"schroeder";0;"0";"Rob";"Schroeder";"11/05/1926";"British";0
470;470;"mayer";0;"0";"Timmy";"Mayer";"22/02/1938";"American";0
471;471;"johnstone";0;"0";"Bruce";"Johnstone";"30/01/1937";"South African";0
472;472;"harris";0;"0";"Mike";"Harris";"25/05/1939";"South African";0
473;473;"hocking";0;"0";"Gary";"Hocking";"30/09/1937";"Rhodesian";0
474;474;"vyver";0;"0";"Syd";"van der Vyver";"01/06/1920";"South African";0
475;475;"moss";0;"0";"Stirling";"Moss";"17/09/1929";"British";0
476;476;"trips";0;"0";"Wolfgang";"von Trips";"04/05/1928";"German";0
477;477;"allison";0;"0";"Cliff";"Allison";"08/02/1932";"British";0
478;478;"herrmann";0;"0";"Hans";"Herrmann";"23/02/1928";"German";0
479;479;"brooks";0;"0";"Tony";"Brooks";"25/02/1932";"British";0
480;480;"may";0;"0";"Michael";"May";"18/08/1934";"Swiss";0
481;481;"henry_taylor";0;"0";"Henry";"Taylor";"16/12/1932";"British";0
482;482;"gendebien";0;"0";"Olivier";"Gendebien";"12/01/1924";"Belgian";0
483;483;"scarlatti";0;"0";"Giorgio";"Scarlatti";"02/10/1921";"Italian";0
484;484;"naylor";0;"0";"Brian";"Naylor";"24/03/1923";"British";0
485;485;"bordeu";0;"0";"Juan Manuel";"Bordeu";"28/01/1934";"Argentine";0
486;486;"fairman";0;"0";"Jack";"Fairman";"15/03/1913";"British";0
487;487;"natili";0;"0";"Massimo";"Natili";"28/07/1935";"Italian";0
488;488;"monteverdi";0;"0";"Peter";"Monteverdi";"07/06/1934";"Swiss";0
489;489;"pirocchi";0;"0";"Renato";"Pirocchi";"26/03/1933";"Italian";0
490;490;"duke";0;"0";"Geoff";"Duke";"29/03/1923";"British";0
491;491;"thiele";0;"0";"Alfonso";"Thiele";"05/04/1920";"American-Italian";0
492;492;"boffa";0;"0";"Menato";"Boffa";"04/01/1930";"Italian";0
493;493;"ryan";0;"0";"Peter";"Ryan";"10/06/1940";"Canadian";0
494;494;"ruby";0;"0";"Lloyd";"Ruby";"12/01/1928";"American";0
495;495;"ken_miles";0;"0";"Ken";"Miles";"01/11/1918";"British";0
496;496;"menditeguy";0;"0";"Carlos";"Menditeguy";"10/08/1914";"Argentine";0
497;497;"larreta";0;"0";"Alberto Rodriguez";"Larreta";"14/01/1934";"Argentine";0
498;498;"gonzalez";0;"0";"JosÌ© FroilÌÁn";"GonzÌÁlez";"05/10/1922";"Argentine";0
499;499;"bonomi";0;"0";"Roberto";"Bonomi";"30/09/1919";"Argentine";0
500;500;"munaron";0;"0";"Gino";"Munaron";"02/04/1928";"Italian";0
501;501;"schell";0;"0";"Harry";"Schell";"29/06/1921";"American";0
502;502;"stacey";0;"0";"Alan";"Stacey";"29/08/1933";"British";0
503;503;"chimeri";0;"0";"Ettore";"Chimeri";"04/06/1921";"Venezuelan";0
504;504;"creus";0;"0";"Antonio";"Creus";"28/10/1924";"Spanish";0
505;505;"bristow";0;"0";"Chris";"Bristow";"02/12/1937";"British";0
506;506;"halford";0;"0";"Bruce";"Halford";"18/05/1931";"British";0
507;507;"daigh";0;"0";"Chuck";"Daigh";"29/11/1923";"American";0
508;508;"reventlow";0;"0";"Lance";"Reventlow";"24/02/1936";"American";0
509;509;"rathmann";0;"0";"Jim";"Rathmann";"16/07/1928";"American";0
510;510;"goldsmith";0;"0";"Paul";"Goldsmith";"02/10/1925";"American";0
511;511;"branson";0;"0";"Don";"Branson";"02/06/1920";"American";0
512;512;"thomson";0;"0";"Johnny";"Thomson";"09/04/1922";"American";0
513;513;"johnson";0;"0";"Eddie";"Johnson";"10/02/1919";"American";0
514;514;"veith";0;"0";"Bob";"Veith";"01/11/1926";"American";0
515;515;"tingelstad";0;"0";"Bud";"Tingelstad";"04/04/1928";"American";0
516;516;"christie";0;"0";"Bob";"Christie";"04/04/1924";"American";0
517;517;"amick";0;"0";"Red";"Amick";"19/01/1929";"American";0
518;518;"darter";0;"0";"Duane";"Carter";"05/05/1913";"American";0
519;519;"homeier";0;"0";"Bill";"Homeier";"31/08/1918";"American";0
520;520;"hartley";0;"0";"Gene";"Hartley";"28/01/1926";"American";0
521;521;"stevenson";0;"0";"Chuck";"Stevenson";"15/10/1919";"American";0
522;522;"grim";0;"0";"Bobby";"Grim";"04/09/1924";"American";0
523;523;"templeman";0;"0";"Shorty";"Templeman";"12/08/1919";"American";0
524;524;"hurtubise";0;"0";"Jim";"Hurtubise";"05/12/1932";"American";0
525;525;"bryan";0;"0";"Jimmy";"Bryan";"28/01/1926";"American";0
526;526;"ruttman";0;"0";"Troy";"Ruttman";"11/03/1930";"American";0
527;527;"sachs";0;"0";"Eddie";"Sachs";"28/05/1927";"American";0
528;528;"freeland";0;"0";"Don";"Freeland";"25/03/1925";"American";0
529;529;"bettenhausen";0;"0";"Tony";"Bettenhausen";"12/09/1916";"American";0
530;530;"weiler";0;"0";"Wayne";"Weiler";"09/12/1934";"American";0
531;531;"foyt";0;"0";"Anthony";"Foyt";"16/01/1935";"American";0
532;532;"russo";0;"0";"Eddie";"Russo";"19/11/1925";"American";0
533;533;"boyd";0;"0";"Johnny";"Boyd";"19/08/1926";"American";0
534;534;"force";0;"0";"Gene";"Force";"15/06/1916";"American";0
535;535;"mcwithey";0;"0";"Jim";"McWithey";"04/07/1927";"American";0
536;536;"sutton";0;"0";"Len";"Sutton";"09/08/1925";"American";0
537;537;"dick_rathmann";0;"0";"Dick";"Rathmann";"06/01/1924";"American";0
538;538;"herman";0;"0";"Al";"Herman";"15/03/1927";"American";0
539;539;"dempsey_wilson";0;"0";"Dempsey";"Wilson";"11/03/1927";"American";0
540;540;"mike_taylor";0;"0";"Mike";"Taylor";"24/04/1934";"British";0
541;541;"flockhart";0;"0";"Ron";"Flockhart";"16/06/1923";"British";0
542;542;"piper";0;"0";"David";"Piper";"02/12/1930";"British";0
543;543;"cabianca";0;"0";"Giulio";"Cabianca";"19/02/1923";"Italian";0
544;544;"drogo";0;"0";"Piero";"Drogo";"08/08/1926";"Italian";0
545;545;"gamble";0;"0";"Fred";"Gamble";"17/03/1932";"American";0
546;546;"owen";0;"0";"Arthur";"Owen";"23/03/1915";"British";0
547;547;"gould";0;"0";"Horace";"Gould";"20/09/1918";"British";0
548;548;"drake";0;"0";"Bob";"Drake";"14/12/1919";"American";0
549;549;"bueb";0;"0";"Ivor";"Bueb";"06/06/1923";"British";0
550;550;"Changy";0;"0";"Alain";"de Changy";"05/02/1922";"Belgian";0
551;551;"filippis";0;"0";"Maria";"de Filippis";"11/11/1926";"Italian";0
552;552;"lucienbonnet";0;"0";"Jean";"Lucienbonnet";"07/01/1923";"French";0
553;553;"testut";0;"0";"AndrÌ©";"Testut";"13/04/1926";"Monegasque";0
554;554;"behra";0;"0";"Jean";"Behra";"16/02/1921";"French";0
555;555;"paul_russo";0;"0";"Paul";"Russo";"10/04/1914";"American";0
556;556;"daywalt";0;"0";"Jimmy";"Daywalt";"28/08/1924";"American";0
557;557;"arnold";0;"0";"Chuck";"Arnold";"30/05/1926";"American";0
558;558;"keller";0;"0";"Al";"Keller";"11/04/1920";"American";0
559;559;"flaherty";0;"0";"Pat";"Flaherty";"06/01/1926";"American";0
560;560;"cheesbourg";0;"0";"Bill";"Cheesbourg";"12/06/1927";"American";0
561;561;"ray_crawford";0;"0";"Ray";"Crawford";"26/10/1915";"American";0
562;562;"turner";0;"0";"Jack";"Turner";"12/02/1920";"American";0
563;563;"weyant";0;"0";"Chuck";"Weyant";"03/04/1923";"American";0
564;564;"larson";0;"0";"Jud";"Larson";"21/01/1923";"American";0
565;565;"magill";0;"0";"Mike";"Magill";"08/02/1920";"American";0
566;566;"shelby";0;"0";"Carroll";"Shelby";"11/01/1923";"American";0
567;567;"orey";0;"0";"Fritz";"d'Orey";"25/03/1938";"Brazilian";0
568;568;"fontes";0;"0";"Azdrubal";"Fontes";"26/12/1922";"Uruguayan";0
569;569;"ashdown";0;"0";"Peter";"Ashdown";"16/10/1934";"British";0
570;570;"bill_moss";0;"0";"Bill";"Moss";"04/09/1933";"British";0
571;571;"dennis_taylor";0;"0";"Dennis";"Taylor";"12/06/1921";"British";0
572;572;"blanchard";0;"0";"Harry";"Blanchard";"13/06/1929";"American";0
573;573;"tomaso";0;"0";"Alessandro";"de Tomaso";"10/07/1928";"Argentine-Italian";0
574;574;"constantine";0;"0";"George";"Constantine";"22/02/1918";"American";0
575;575;"said";0;"0";"Bob";"Said";"05/05/1932";"American";0
576;576;"cade";0;"0";"Phil";"Cade";"12/06/1916";"American";0
577;577;"musso";0;"0";"Luigi";"Musso";"28/07/1924";"Italian";0
578;578;"hawthorn";0;"0";"Mike";"Hawthorn";"10/04/1929";"British";0
579;579;"fangio";0;"0";"Juan";"Fangio";"24/06/1911";"Argentine";0
580;580;"godia";0;"0";"Paco";"Godia";"21/03/1921";"Spanish";0
581;581;"collins";0;"0";"Peter";"Collins";"06/11/1931";"British";0
582;582;"kavanagh";0;"0";"Ken";"Kavanagh";"12/12/1923";"Australian";0
583;583;"gerini";0;"0";"Gerino";"Gerini";"10/08/1928";"Italian";0
584;584;"kessler";0;"0";"Bruce";"Kessler";"23/03/1936";"American";0
585;585;"emery";0;"0";"Paul";"Emery";"12/11/1916";"British";0
586;586;"piotti";0;"0";"Luigi";"Piotti";"27/10/1913";"Italian";0
587;587;"ecclestone";0;"0";"Bernie";"Ecclestone";"28/10/1930";"British";0
588;588;"taramazzo";0;"0";"Luigi";"Taramazzo";"05/05/1932";"Italian";0
589;589;"chiron";0;"0";"Louis";"Chiron";"1899-08-03";"Monegasque";0
590;590;"lewis-evans";0;"0";"Stuart";"Lewis-Evans";"20/04/1930";"British";0
591;591;"george_amick";0;"0";"George";"Amick";"24/10/1924";"American";0
592;592;"reece";0;"0";"Jimmy";"Reece";"17/11/1929";"American";0
593;593;"parsons";0;"0";"Johnnie";"Parsons";"04/07/1918";"American";0
594;594;"tolan";0;"0";"Johnnie";"Tolan";"22/10/1917";"American";0
595;595;"garrett";0;"0";"Billy";"Garrett";"24/04/1933";"American";0
596;596;"elisian";0;"0";"Ed";"Elisian";"09/12/1926";"American";0
597;597;"connor";0;"0";"Pat";"O'Connor";"09/10/1928";"American";0
598;598;"jerry_unser";0;"0";"Jerry";"Unser";"15/11/1932";"American";0
599;599;"bisch";0;"0";"Art";"Bisch";"10/11/1926";"American";0
600;600;"goethals";0;"0";"Christian";"Goethals";"04/08/1928";"Belgian";0
601;601;"gibson";0;"0";"Dick";"Gibson";"16/04/1918";"British";0
602;602;"la_caze";0;"0";"Robert";"La Caze";"26/02/1917";"French";0
603;603;"guelfi";0;"0";"AndrÌ©";"Guelfi";"06/05/1919";"French";0
604;604;"picard";0;"0";"FranÌ¤ois";"Picard";"26/04/1921";"French";0
605;605;"bridger";0;"0";"Tom";"Bridger";"24/06/1934";"British";0
606;606;"portago";0;"0";"Alfonso";"de Portago";"11/10/1928";"Spanish";0
607;607;"perdisa";0;"0";"Cesare";"Perdisa";"21/10/1932";"Italian";0
608;608;"castellotti";0;"0";"Eugenio";"Castellotti";"10/10/1930";"Italian";0
609;609;"simon";0;"0";"AndrÌ©";"Simon";"05/01/1920";"French";0
610;610;"leston";0;"0";"Les";"Leston";"16/12/1920";"British";0
611;611;"hanks";0;"0";"Sam";"Hanks";"13/07/1914";"American";0
612;612;"linden";0;"0";"Andy";"Linden";"05/04/1922";"American";0
613;613;"teague";0;"0";"Marshall";"Teague";"22/02/1921";"American";0
614;614;"edmunds";0;"0";"Don";"Edmunds";"23/09/1930";"American";0
615;615;"agabashian";0;"0";"Fred";"Agabashian";"21/08/1913";"American";0
616;616;"george";0;"0";"Elmer";"George";"15/07/1928";"American";0
617;617;"macdowel";0;"0";"Mike";"MacDowel";"13/09/1932";"British";0
618;618;"mackay-fraser";0;"0";"Herbert";"MacKay-Fraser";"23/06/1927";"American";0
619;619;"gerard";0;"0";"Bob";"Gerard";"19/01/1914";"British";0
620;620;"maglioli";0;"0";"Umberto";"Maglioli";"05/06/1928";"Italian";0
621;621;"england";0;"0";"Paul";"England";"28/03/1929";"Australian";0
622;622;"landi";0;"0";"Chico";"Landi";"14/07/1907";"Brazilian";0
623;623;"uria";0;"0";"Alberto";"Uria";"11/07/1924";"Uruguayan";0
624;624;"ramos";0;"0";"Hernando";"da Silva Ramos";"07/12/1925";"Brazilian";0
625;625;"bayol";0;"0";"Ìälie";"Bayol";"28/02/1914";"French";0
626;626;"manzon";0;"0";"Robert";"Manzon";"12/04/1917";"French";0
627;627;"rosier";0;"0";"Louis";"Rosier";"05/11/1905";"French";0
628;628;"sweikert";0;"0";"Bob";"Sweikert";"20/05/1926";"American";0
629;629;"griffith";0;"0";"Cliff";"Griffith";"06/02/1916";"American";0
630;630;"dinsmore";0;"0";"Duke";"Dinsmore";"10/04/1913";"American";0
631;631;"andrews";0;"0";"Keith";"Andrews";"15/06/1920";"American";0
632;632;"frere";0;"0";"Paul";"FrÌ¬re";"30/01/1917";"Belgian";0
633;633;"villoresi";0;"0";"Luigi";"Villoresi";"16/05/1909";"Italian";0
634;634;"scotti";0;"0";"Piero";"Scotti";"11/11/1909";"Italian";0
635;635;"chapman";0;"0";"Colin";"Chapman";"19/05/1928";"British";0
636;636;"titterington";0;"0";"Desmond";"Titterington";"01/05/1928";"British";0
637;637;"scott_Brown";0;"0";"Archie";"Scott Brown";"13/05/1927";"British";0
638;638;"volonterio";0;"0";"Ottorino";"Volonterio";"07/12/1917";"Swiss";0
639;639;"milhoux";0;"0";"AndrÌ©";"Milhoux";"09/12/1928";"Belgian";0
640;640;"graffenried";0;"0";"Toulo";"de Graffenried";"18/05/1914";"Swiss";0
641;641;"taruffi";0;"0";"Piero";"Taruffi";"12/10/1906";"Italian";0
642;642;"farina";0;"0";"Nino";"Farina";"30/10/1906";"Italian";0
643;643;"mieres";0;"0";"Roberto";"Mieres";"03/12/1924";"Argentine";0
644;644;"mantovani";0;"0";"Sergio";"Mantovani";"22/05/1929";"Italian";0
645;645;"bucci";0;"0";"Clemar";"Bucci";"04/09/1920";"Argentine";0
646;646;"iglesias";0;"0";"JesÌ¼s";"Iglesias";"22/02/1922";"Argentine";0
647;647;"ascari";0;"0";"Alberto";"Ascari";"13/07/1918";"Italian";0
648;648;"kling";0;"0";"Karl";"Kling";"16/09/1910";"German";0
649;649;"birger";0;"0";"Pablo";"Birger";"07/01/1924";"Argentine";0
650;650;"pollet";0;"0";"Jacques";"Pollet";"02/07/1922";"French";0
651;651;"macklin";0;"0";"Lance";"Macklin";"02/09/1919";"British";0
652;652;"whiteaway";0;"0";"Ted";"Whiteaway";"01/11/1928";"British";0
653;653;"davies";0;"0";"Jimmy";"Davies";"08/08/1929";"American";0
654;654;"faulkner";0;"0";"Walt";"Faulkner";"16/02/1920";"American";0
655;655;"niday";0;"0";"Cal";"Niday";"29/04/1914";"American";0
656;656;"cross";0;"0";"Art";"Cross";"24/01/1918";"American";0
657;657;"vukovich";0;"0";"Bill";"Vukovich";"13/12/1918";"American";0
658;658;"mcgrath";0;"0";"Jack";"McGrath";"08/10/1919";"American";0
659;659;"hoyt";0;"0";"Jerry";"Hoyt";"29/01/1929";"American";0
660;660;"claes";0;"0";"Johnny";"Claes";"11/08/1916";"Belgian";0
661;661;"peter_walker";0;"0";"Peter";"Walker";"07/10/1912";"British";0
662;662;"sparken";0;"0";"Mike";"Sparken";"16/06/1930";"French";0
663;663;"wharton";0;"0";"Ken";"Wharton";"21/03/1916";"British";0
664;664;"mcalpine";0;"0";"Kenneth";"McAlpine";"21/09/1920";"British";0
665;665;"marr";0;"0";"Leslie";"Marr";"14/08/1922";"British";0
666;666;"rolt";0;"0";"Tony";"Rolt";"16/10/1918";"British";0
667;667;"fitch";0;"0";"John";"Fitch";"04/08/1917";"American";0
668;668;"lucas";0;"0";"Jean";"Lucas";"25/04/1917";"French";0
669;669;"bira";0;"0";"Prince";"Bira";"15/07/1914";"Thai";0
670;670;"marimon";0;"0";"Onofre";"MarimÌ_n";"19/12/1923";"Argentine";0
671;671;"loyer";0;"0";"Roger";"Loyer";"05/08/1907";"French";0
672;672;"daponte";0;"0";"Jorge";"Daponte";"05/06/1923";"Argentine";0
673;673;"nazaruk";0;"0";"Mike";"Nazaruk";"02/10/1921";"American";0
674;674;"crockett";0;"0";"Larry";"Crockett";"23/10/1926";"American";0
675;675;"ayulo";0;"0";"Manny";"Ayulo";"20/10/1921";"American";0
676;676;"armi";0;"0";"Frank";"Armi";"12/10/1918";"American";0
677;677;"webb";0;"0";"Travis";"Webb";"08/10/1910";"American";0
678;678;"duncan";0;"0";"Len";"Duncan";"25/07/1911";"American";0
679;679;"mccoy";0;"0";"Ernie";"McCoy";"19/02/1921";"American";0
680;680;"swaters";0;"0";"Jacques";"Swaters";"30/10/1926";"American";0
681;681;"georges_berger";0;"0";"Georges";"Berger";"14/09/1918";"Belgian";0
682;682;"beauman";0;"0";"Don";"Beauman";"26/07/1928";"British";0
683;683;"thorne";0;"0";"Leslie";"Thorne";"23/06/1916";"British";0
684;684;"whitehouse";0;"0";"Bill";"Whitehouse";"01/04/1909";"British";0
685;685;"riseley_prichard";0;"0";"John";"Riseley-Prichard";"17/01/1924";"British";0
686;686;"reg_parnell";0;"0";"Reg";"Parnell";"02/07/1911";"British";0
687;687;"whitehead";0;"0";"Peter";"Whitehead";"12/11/1914";"British";0
688;688;"brandon";0;"0";"Eric";"Brandon";"18/07/1920";"British";0
689;689;"alan_brown";0;"0";"Alan";"Brown";"20/11/1919";"British";0
690;690;"nuckey";0;"0";"Rodney";"Nuckey";"26/06/1929";"British";0
691;691;"lang";0;"0";"Hermann";"Lang";"06/04/1909";"German";0
692;692;"helfrich";0;"0";"Theo";"Helfrich";"13/05/1913";"German";0
693;693;"wacker";0;"0";"Fred";"Wacker";"10/07/1918";"American";0
694;694;"riu";0;"0";"Giovanni";"de Riu";"10/03/1925";"Italian";0
695;695;"galvez";0;"0";"Oscar";"GÌÁlvez";"17/08/1913";"Argentine";0
696;696;"john_barber";0;"0";"John";"Barber";"22/07/1929";"British";0
697;697;"bonetto";0;"0";"Felice";"Bonetto";"09/06/1903";"Italian";0
698;698;"cruz";0;"0";"Adolfo";"Cruz";"28/06/1923";"Argentine";0
699;699;"nalon";0;"0";"Duke";"Nalon";"02/03/1913";"American";0
700;700;"scarborough";0;"0";"Carl";"Scarborough";"03/07/1914";"American";0
701;701;"holland";0;"0";"Bill";"Holland";"18/12/1907";"American";0
702;702;"bob_scott";0;"0";"Bob";"Scott";"04/10/1928";"American";0
703;703;"legat";0;"0";"Arthur";"Legat";"1898-11-01";"Belgian";0
704;704;"cabantous";0;"0";"Yves";"Cabantous";"08/10/1904";"French";0
705;705;"crook";0;"0";"Tony";"Crook";"16/02/1920";"British";0
706;706;"jimmy_stewart";0;"0";"Jimmy";"Stewart";"06/03/1931";"British";0
707;707;"ian_stewart";0;"0";"Ian";"Stewart";"15/07/1929";"British";0
708;708;"duncan_hamilton";0;"0";"Duncan";"Hamilton";"30/04/1920";"British";0
709;709;"klodwig";0;"0";"Ernst";"Klodwig";"23/05/1903";"East German";0
710;710;"krause";0;"0";"Rudolf";"Krause";"30/03/1907";"East German";0
711;711;"karch";0;"0";"Oswald";"Karch";"06/03/1917";"German";0
712;712;"heeks";0;"0";"Willi";"Heeks";"13/02/1922";"German";0
713;713;"fitzau";0;"0";"Theo";"Fitzau";"10/02/1923";"East German";0
714;714;"adolff";0;"0";"Kurt";"Adolff";"05/11/1921";"German";0
715;715;"bechem";0;"0";"GÌ_nther";"Bechem";"21/12/1921";"German";0
716;716;"bauer";0;"0";"Erwin";"Bauer";"17/07/1912";"German";0
717;717;"hans_stuck";0;"0";"Hans";"von Stuck";"27/12/1900";"German";0
718;718;"loof";0;"0";"Ernst";"Loof";"04/07/1907";"German";0
719;719;"scherrer";0;"0";"Albert";"Scherrer";"28/02/1908";"Swiss";0
720;720;"terra";0;"0";"Max";"de Terra";"06/10/1918";"Swiss";0
721;721;"hirt";0;"0";"Peter";"Hirt";"30/03/1910";"Swiss";0
722;722;"carini";0;"0";"Piero";"Carini";"06/03/1921";"Italian";0
723;723;"fischer";0;"0";"Rudi";"Fischer";"19/04/1912";"Swiss";0
724;724;"ulmen";0;"0";"Toni";"Ulmen";"25/01/1906";"German";0
725;725;"abecassis";0;"0";"George";"Abecassis";"21/03/1913";"British";0
726;726;"george_connor";0;"0";"George";"Connor";"16/08/1906";"American";0
727;727;"rigsby";0;"0";"Jim";"Rigsby";"06/06/1923";"American";0
728;728;"james";0;"0";"Joe";"James";"23/05/1925";"American";0
729;729;"schindler";0;"0";"Bill";"Schindler";"06/03/1909";"American";0
730;730;"fonder";0;"0";"George";"Fonder";"22/06/1917";"American";0
731;731;"banks";0;"0";"Henry";"Banks";"14/06/1913";"American";0
732;732;"mcdowell";0;"0";"Johnny";"McDowell";"29/01/1915";"American";0
733;733;"miller";0;"0";"Chet";"Miller";"19/07/1902";"American";0
734;734;"ball";0;"0";"Bobby";"Ball";"26/08/1925";"American";0
735;735;"tornaco";0;"0";"Charles";"de Tornaco";"07/06/1927";"Belgian";0
736;736;"laurent";0;"0";"Roger";"Laurent";"21/02/1913";"Belgian";0
737;737;"obrien";0;"0";"Robert";"O'Brien";"11/04/1908";"American";0
738;738;"gaze";0;"0";"Tony";"Gaze";"03/02/1920";"Australian";0
739;739;"charrington";0;"0";"Robin";"Montgomerie-Charrington";"23/06/1915";"British";0
740;740;"comotti";0;"0";"Franco";"Comotti";"24/07/1906";"Italian";0
741;741;"etancelin";0;"0";"Philippe";"Ìätancelin";"1896-12-28";"French";0
742;742;"poore";0;"0";"Dennis";"Poore";"19/08/1916";"British";0
743;743;"thompson";0;"0";"Eric";"Thompson";"04/11/1919";"British";0
744;744;"downing";0;"0";"Ken";"Downing";"05/12/1917";"British";0
745;745;"graham_whitehead";0;"0";"Graham";"Whitehead";"15/04/1922";"British";0
746;746;"bianco";0;"0";"Gino";"Bianco";"22/07/1916";"Brazilian";0
747;747;"murray";0;"0";"David";"Murray";"28/12/1909";"British";0
748;748;"cantoni";0;"0";"Eitel";"Cantoni";"04/10/1906";"Uruguayan";0
749;749;"aston";0;"0";"Bill";"Aston";"29/03/1900";"British";0
750;750;"brudes";0;"0";"Adolf";"Brudes";"1899-10-15";"German";0
751;751;"riess";0;"0";"Fritz";"Riess";"11/07/1922";"German";0
752;752;"niedermayr";0;"0";"Helmut";"Niedermayr";"29/11/1915";"German";0
753;753;"klenk";0;"0";"Hans";"Klenk";"28/10/1919";"German";0
754;754;"balsa";0;"0";"Marcel";"Balsa";"01/01/1909";"French";0
755;755;"schoeller";0;"0";"Rudolf";"Schoeller";"27/04/1902";"Swiss";0
756;756;"pietsch";0;"0";"Paul";"Pietsch";"20/06/1911";"German";0
757;757;"peters";0;"0";"Josef";"Peters";"16/09/1914";"German";0
758;758;"lof";0;"0";"Dries";"van der Lof";"23/08/1919";"Dutch";0
759;759;"flinterman";0;"0";"Jan";"Flinterman";"02/10/1919";"Dutch";0
760;760;"dusio";0;"0";"Piero";"Dusio";"1899-10-13";"Italian";0
761;761;"crespo";0;"0";"Alberto";"Crespo";"16/01/1920";"Argentine";0
762;762;"rol";0;"0";"Franco";"Rol";"05/06/1908";"Italian";0
763;763;"sanesi";0;"0";"Consalvo";"Sanesi";"28/03/1911";"Italian";0
764;764;"guy_mairesse";0;"0";"Guy";"Mairesse";"10/08/1910";"French";0
765;765;"louveau";0;"0";"Henri";"Louveau";"25/01/1910";"French";0
766;766;"wallard";0;"0";"Lee";"Wallard";"07/09/1910";"American";0
767;767;"forberg";0;"0";"Carl";"Forberg";"04/03/1911";"American";0
768;768;"rose";0;"0";"Mauri";"Rose";"26/05/1906";"American";0
769;769;"mackey";0;"0";"Bill";"Mackey";"15/12/1927";"American";0
770;770;"green";0;"0";"Cecil";"Green";"30/09/1919";"American";0
771;771;"walt_brown";0;"0";"Walt";"Brown";"30/12/1911";"American";0
772;772;"hellings";0;"0";"Mack";"Hellings";"14/09/1915";"American";0
773;773;"levegh";0;"0";"Pierre";"Levegh";"22/12/1905";"French";0
774;774;"chaboud";0;"0";"EugÌ¬ne";"Chaboud";"12/04/1907";"French";0
775;775;"gordini";0;"0";"Aldo";"Gordini";"20/05/1921";"French";0
776;776;"kelly";0;"0";"Joe";"Kelly";"13/03/1913";"Irish";0
777;777;"parker";0;"0";"Philip";"Fotheringham-Parker";"22/09/1907";"British";0
778;778;"shawe_taylor";0;"0";"Brian";"Shawe Taylor";"28/01/1915";"British";0
779;779;"john_james";0;"0";"John";"James";"10/05/1914";"British";0
780;780;"branca";0;"0";"Toni";"Branca";"15/09/1916";"Swiss";0
781;781;"richardson";0;"0";"Ken";"Richardson";"21/08/1911";"British";0
782;782;"jover";0;"0";"Juan";"Jover";"23/11/1903";"Spanish";0
783;783;"grignard";0;"0";"Georges";"Grignard";"25/07/1905";"French";0
784;784;"hampshire";0;"0";"David";"Hampshire";"29/12/1917";"British";0
785;785;"crossley";0;"0";"Geoff";"Crossley";"11/05/1921";"British";0
786;786;"fagioli";0;"0";"Luigi";"Fagioli";"1898-06-09";"Italian";0
787;787;"harrison";0;"0";"Cuth";"Harrison";"06/07/1906";"British";0
788;788;"fry";0;"0";"Joe";"Fry";"26/10/1915";"British";0
789;789;"martin";0;"0";"EugÌ¬ne";"Martin";"24/03/1915";"French";0
790;790;"leslie_johnson";0;"0";"Leslie";"Johnson";"22/03/1912";"British";0
791;791;"biondetti";0;"0";"Clemente";"Biondetti";"1898-08-18";"Italian";0
792;792;"pian";0;"0";"Alfredo";"PiÌÁn";"21/10/1912";"Argentine";0
793;793;"sommer";0;"0";"Raymond";"Sommer";"31/08/1906";"French";0
794;794;"chitwood";0;"0";"Joie";"Chitwood";"14/04/1912";"American";0
795;795;"fohr";0;"0";"Myron";"Fohr";"17/06/1912";"American";0
796;796;"ader";0;"0";"Walt";"Ader";"15/12/1913";"American";0
797;797;"holmes";0;"0";"Jackie";"Holmes";"04/09/1920";"American";0
798;798;"levrett";0;"0";"Bayliss";"Levrett";"14/02/1914";"American";0
799;799;"jackson";0;"0";"Jimmy";"Jackson";"25/07/1910";"American";0
800;800;"pagani";0;"0";"Nello";"Pagani";"11/10/1911";"Italian";0
801;801;"pozzi";0;"0";"Charles";"Pozzi";"27/08/1909";"French";0
802;802;"serafini";0;"0";"Dorino";"Serafini";"22/07/1909";"Italian";0
803;803;"cantrell";0;"0";"Bill";"Cantrell";"31/01/1908";"American";0
804;804;"mantz";0;"0";"Johnny";"Mantz";"18/09/1918";"American";0
805;805;"kladis";0;"0";"Danny";"Kladis";"10/02/1917";"American";0
806;806;"oscar_gonzalez";0;"0";"ÌÒscar";"GonzÌÁlez";"10/11/1923";"Uruguayan";0
807;807;"hulkenberg";27;"HUL";"Nico";"HÌ_lkenberg";"19/08/1987";"German";0
808;808;"petrov";0;"PET";"Vitaly";"Petrov";"08/09/1984";"Russian";0
809;810;"grassi";0;"DIG";"Lucas";"di Grassi";"11/08/1984";"Brazilian";0
810;811;"bruno_senna";0;"SEN";"Bruno";"Senna";"15/10/1983";"Brazilian";0
811;812;"chandhok";0;"CHA";"Karun";"Chandhok";"19/01/1984";"Indian";0
812;813;"maldonado";13;"MAL";"Pastor";"Maldonado";"09/03/1985";"Venezuelan";0
813;814;"resta";0;"DIR";"Paul";"di Resta";"16/04/1986";"British";0
814;815;"perez";11;"PER";"Sergio";"PÌ©rez";"26/01/1990";"Mexican";0
815;816;"ambrosio";0;"DAM";"JÌ©rÌ«me";"d'Ambrosio";"27/12/1985";"Belgian";0
816;817;"ricciardo";3;"RIC";"Daniel";"Ricciardo";"01/07/1989";"Australian";0
817;818;"vergne";25;"VER";"Jean-Ìäric";"Vergne";"25/04/1990";"French";0
818;819;"pic";0;"PIC";"Charles";"Pic";"15/02/1990";"French";0
819;820;"chilton";4;"CHI";"Max";"Chilton";"21/04/1991";"British";0
820;821;"gutierrez";21;"GUT";"Esteban";"GutiÌ©rrez";"05/08/1991";"Mexican";0
821;822;"bottas";77;"BOT";"Valtteri";"Bottas";"28/08/1989";"Finnish";0
822;823;"garde";0;"VDG";"Giedo";"van der Garde";"25/04/1985";"Dutch";0
823;824;"jules_bianchi";17;"BIA";"Jules";"Bianchi";"03/08/1989";"French";0
824;825;"kevin_magnussen";20;"MAG";"Kevin";"Magnussen";"05/10/1992";"Danish";0
825;826;"kvyat";26;"KVY";"Daniil";"Kvyat";"26/04/1994";"Russian";0
826;827;"lotterer";45;"LOT";"AndrÌ©";"Lotterer";"19/11/1981";"German";0
827;828;"ericsson";9;"ERI";"Marcus";"Ericsson";"02/09/1990";"Swedish";0
828;829;"stevens";28;"STE";"Will";"Stevens";"28/06/1991";"British";0
829;830;"max_verstappen";33;"VER";"Max";"Verstappen";"30/09/1997";"Dutch";0
830;831;"nasr";12;"NAS";"Felipe";"Nasr";"21/08/1992";"Brazilian";0
831;832;"sainz";55;"SAI";"Carlos";"Sainz";"01/09/1994";"Spanish";0
832;833;"merhi";98;"MER";"Roberto";"Merhi";"22/03/1991";"Spanish";0
833;834;"rossi";53;"RSS";"Alexander";"Rossi";"25/09/1991";"American";0
834;835;"jolyon_palmer";30;"PAL";"Jolyon";"Palmer";"20/01/1991";"British";0
835;836;"wehrlein";94;"WEH";"Pascal";"Wehrlein";"18/10/1994";"German";0
836;837;"haryanto";88;"HAR";"Rio";"Haryanto";"22/01/1993";"Indonesian";0
837;838;"vandoorne";2;"VAN";"Stoffel";"Vandoorne";"26/03/1992";"Belgian";0
838;839;"ocon";31;"OCO";"Esteban";"Ocon";"17/09/1996";"French";0
839;840;"stroll";18;"STR";"Lance";"Stroll";"29/10/1998";"Canadian";0
840;841;"giovinazzi";36;"GIO";"Antonio";"Giovinazzi";"14/12/1993";"Italian";0
841;843;"brendon_hartley";39;"HAR";"Brendon";"Hartley";"10/11/1989";"New Zealander";0
